Query,Clicks,Impressions
use canonical link meta tag for products,2,16
use canonical link meta tag for categories,1,32
same as markup for merging companies seo,0,1
seo duplicate links same page google,0,3
do folder paths make a difference in seo,0,1
how to make money from seo,0,3
what is ab testing in seo,0,47
get source code from chrome extension,0,3
how to do good seo when you don't have time,0,6
do follow and no follow in seo,0,24
how to do keyword research seomoz,0,1
duplicate without user-selected canonical google search console,0,1
how to increase page speed in shopify,0,225
seo how long does it take to recover from duplicate content,0,28
how to see page source in chrome,0,1
seo analysis terms of service and disclaimer,0,20
what is canonical url in seo,0,2
noindex' detected in 'x-robots-tag' http header,0,3
scripting languages for seo to learn,0,21
seo manager shopify how to use,0,9
how much duplicate content is acceptable,0,21
chrome extension click element on page,0,1
magento configurable product best seo canonical,0,23
magento 2 set limit on collection,0,2
chrome developer tools search all sources,0,2
chrome dev tools search all sources,0,1
how to use google chrome developer tools,0,1
how to get a rails app to ranking seo,0,3
use categories path for product urls,0,2
no: 'noindex' detected in 'x-robots-tag' http header,0,20
what is a b testing in seo,0,17
how do i change my domain without losing seo?,0,1
does the order of html head tags effect seo,0,4
does rss have any seo value,0,5
how to use dynamic keyword insertion,0,1
no: 'noindex' detected in 'robots' meta tag,0,57
seo best practices for international duplicate content,0,4
how to see cookies in chrome developer tools,0,5
how to asses the impact of an seo migration,0,22
seo meta in one click chrome extension,0,1
visit pages from different ip addresses seo,0,4
how to do negative seo blackhat,0,1
what is the term for optimization strategies that are unreputable but not as bad as black hat techniques?,0,1
what is canonical issue in seo,0,13
how to properly seo tags and categories,0,1
how to increase speed of shopify website,0,234
how to ask seo pain questions,0,23
how to find tools in chrome,0,3
magento add meta tag to head,0,5
do duplicate page titles affect seo,0,2
chrome developer tools change user agent,0,1
search all sources chrome developer tools,0,3
how to add meta tag in magento 2,0,24
will a dot online site rank for seo,0,14
does a b testing affect seo,0,19
search engine optimization note for marketing managers,0,53
free chrome extensions for seo please,0,59
how to optimize shopify store speed,0,193
what automated bidding strategy should she use in her campaign?,0,1
how to get sitelinks in google search results,0,2
"""the relationship between e-mail and seo is not a clear one""",0,1
how big is the seo industry,0,33
how to optimize shopify for mobile,0,29
how to pull up developer tools in chrome,0,2
how to speed up shopify website,0,420
get source code of chrome extension,0,2
noindex' detected in 'robots' meta tag,0,7
how long does it take to get seo results,0,4
get meta tags from url php,0,1
20 minute powerpoint presentation on seo,0,20
adresse mail service client pro seo,0,5
1 quality way iselin nj 08830,0,1
does commented out text appear on seo,0,3
quote for a story seo marketing,0,1
seo global for google search for chrome,0,19
magento 2 product url with category path,0,1
view cookies in chrome developer tools,0,8
working on a story email seo marketing,0,1
seo impact changing platform to shopify,0,18
how to get on the google search toolbar seo,0,5
your private apps may stop working soon shopify,0,1
is removing dates from your blog a bad seo trick,0,5
hide a link in another link,0,1
chrome seo meta in 1 click,0,1
why is my shopify site slow,0,1
seo global for google search extension,0,8
seo for business free month trail,0,10
how to make sitelinks appear in google,0,1
real time search impact on seo,0,13
magento 2 get product url without category path,0,1
what is cross linking in seo,0,2
which free seo has the most features,0,7
html head meta name robots content noarchive,0,31
download page rank tool for google chrome,0,8
view cookies in chrome dev tools,0,4
how to check page load time in chrome developer tools,0,1
how to optimize a website for seo 2016,0,1
can't redirecting site negatively affect seo,0,15
how to view meta tags in chrome,0,7
best site structure for authority site seo,0,9
can't find the seo for chrome extension,0,6
conserve bandwidth opting be required before,0,1
how to get source code of chrome extension,0,4
how to speed up shopify site,0,76
what is a seo city widget link,0,18
highlighter for web page in chrome,0,2
what is a seo setup fee,0,8
seo page rank tool for chrome,0,54
where do i find more tools in chrome,0,1
how to optimize your pdfs for seo,0,1
are temporary links bad for seo,0,4
magento 2 use categories path for product urls,0,2
magento 2 add meta tag to head,0,9
how not to seo when rebranding,0,20
page rank checker tool for chrome,0,99
seo manager software for multiple websites,0,10
which of the following best describes the role of an seo specialist?,0,22
google page rank checker for chrome,0,44
when to use nofollow on internal links,0,1
how to view source in chrome,0,1
what does canonical mean in seo,0,1
do i need to know coding for seo,0,11
the size of the seo opportunity,0,94
how to use slack to manage your e-commerce inbound marketing,0,2
how to set up canonical tags,0,1
this is a very long keyword that makes no sense,0,7
are duplicate images a ranking issue for seo,0,7
do blogs get more traffic from seo or referrals?,0,1
how to improve shopify store speed,0,21
how to predict seo roi for companies,0,1
your homepage cannot be indexed by search engines. this is very bad for seo and should be fixed.,0,1
share and share alike in a will,0,2
chrome don't clear console on refresh,0,1
what is a/b testing in seo,0,42
google chrome extensions seo site tools,0,2
'noindex' detected in 'robots' meta tag,0,6
how to improve shopify page speed,0,4
what kind of server to use for seo of thousands of web pages,0,1
how to make money with seo,0,1
how much does it cost to give seo advise,0,4
how are proxies used for seo,0,10
how much does page speed affect seo,0,5
ruby on rails index google seo,0,6
does rocket loader affect seo rankings,0,24
page load time chrome developer tools,0,1
good ways to split test for seo,0,11
how to highlight in google chrome,0,2
where is developer tools in chrome,0,1
how to improve shopify site speed,0,26
search engine optimization seo an hour a day,0,47
how to use stumbleupon for seo,0,38
move old navigation to footer seo,0,2
how to get chrome developer tools,0,1
how to find tools on chrome,0,1
split testing vs ab testing seo,0,1
what is cloaking in seo & why is it prohibited?,0,10
"""seo"" skript or tool or rss or feed or traffic",0,1
when sitelinks are set at both,0,2
how to make shopify store load faster,0,17
how to get product url in magento 2,0,1
oracle consulting salt lake city utah,0,3
the flies and the honey pot,0,2
what have you learned about outsourcing seo,0,1
the largest font thats seo safe,0,9
'noindex' detected in 'x-robots-tag' http header,0,5
how to make shopify store faster,0,2
how to see page code in chrome,0,2
how to report duplicate content to google,0,1
chrome developer tools view request body,0,3
what is the best bid strategy for getting the top of the page seo help,0,1
the ip address you are using has been flagged as an open proxy,0,15
change url and not lose seo,0,8
on page seo and audit extension,0,25
how to use chrome developer tools,0,6
no 'noindex' detected in 'robots' meta tag,0,1
how to reduce bounce rate shopify,0,6
url parameter question mark effect on seo,0,3
does a website guarantee seo success,0,1
which of the following best describes the role of an seo specialist,0,25
how to track referrals in google analytics,0,4
how long does it take seo results,0,3
what is cloaking in seo with example,0,2
slack share control of your screen,0,1
why would you want to slow down your crawl when setting up a site audit?,0,1
free seo expert pay only when ranked,0,1
how to add canonical tag in php,0,3
6 seo tasks to automate with python,0,1
what is nofollow and dofollow in seo,0,21
best proxy for rank tracker seo suite,0,14
magento 2 number of products per page,0,5
search engine source code in php,0,2
should you use nofollow when internally linking and looking to pass page rank?,0,2
"rank tracking cloud new york city, ny",0,2
how to use dynamic keyword insertion in adwords,0,1
how to migrate without losing traffic,0,64
how to do cloaking in seo,0,33
how to increase shopify store speed,0,1
how to calculate traffic growth rate,0,1
how to add canonical tag in magento 2,0,3
google page rank tool for chrome,0,10
how to view source code in chrome mobile,0,1
how to switch user agent to google bot,0,2
your ip is listed in projecthoneypot,0,1
does pdf content have seo value,0,1
how to increase shopify website speed,0,331
how to check page load time in chrome,0,1
thousands of hours of live seo work,0,24
chrome developer tools get post data,0,1
should attachment pages have canonical links seo,0,2
replacing content for seo without losing traffic,0,1
ok to have multiple links to the same product seo,0,1
how many sitelinks can you have,0,1
why does it take 10 weeks for links to start helping seo,0,1
magento get product url without category path,0,10